mean,sd,hdi_3%,hdi_97%,mcse_mean,mcse_sd,ess_bulk,ess_tail,r_hat
8.394,1.178,6.262,10.555,0.013,0.01,8788.0,2913.0,1.0
9.651,1.446,7.214,12.5,0.017,0.013,8725.0,2678.0,1.0
0.029,0.907,-1.671,1.763,0.01,0.015,8291.0,3188.0,1.0
-0.008,0.916,-1.717,1.755,0.011,0.015,7396.0,3156.0,1.0
0.426,0.971,-1.415,2.173,0.013,0.014,5338.0,2949.0,1.0
0.479,0.99,-1.388,2.252,0.014,0.014,4640.0,3543.0,1.0
-0.226,0.899,-1.865,1.484,0.011,0.014,7113.0,3321.0,1.0
-0.343,0.899,-2.018,1.401,0.012,0.013,5605.0,3236.0,1.0
0.348,0.954,-1.399,2.157,0.012,0.014,6245.0,2910.0,1.0
-0.425,0.939,-2.179,1.361,0.012,0.014,5811.0,2910.0,1.0
-0.039,0.896,-1.785,1.643,0.011,0.014,7196.0,3578.0,1.0
0.11,0.896,-1.66,1.723,0.01,0.014,7310.0,3349.0,1.0
0.485,1.006,-1.455,2.211,0.014,0.015,5126.0,3383.0,1.0
0.335,0.938,-1.567,1.996,0.012,0.016,5865.0,2911.0,1.0
-0.016,0.894,-1.675,1.636,0.011,0.014,6971.0,3209.0,1.0
-0.055,0.896,-1.721,1.657,0.01,0.014,7864.0,3210.0,1.0
-0.262,0.918,-1.874,1.615,0.01,0.014,7976.0,3131.0,1.0
0.135,0.92,-1.63,1.853,0.011,0.015,7231.0,2831.0,1.0
0.042,0.926,-1.756,1.787,0.011,0.015,6603.0,2823.0,1.0
-0.009,0.907,-1.788,1.645,0.011,0.016,6585.0,2559.0,1.0
-0.288,0.922,-1.998,1.397,0.011,0.015,6730.0,3117.0,1.0
-0.177,0.891,-1.971,1.439,0.011,0.014,7024.0,3162.0,1.0
0.273,0.953,-1.5,2.05,0.012,0.015,6777.0,3115.0,1.0
-0.414,0.942,-2.215,1.323,0.012,0.014,6005.0,3283.0,1.0
-0.154,0.893,-1.811,1.557,0.01,0.015,8316.0,3368.0,1.0
-0.631,0.994,-2.46,1.205,0.017,0.014,3698.0,2899.0,1.0
-0.196,0.925,-1.819,1.661,0.01,0.016,7796.0,2807.0,1.0
0.258,0.931,-1.585,1.878,0.01,0.015,8135.0,3414.0,1.0
0.061,0.902,-1.581,1.78,0.011,0.016,7108.0,3065.0,1.0
0.025,0.894,-1.636,1.715,0.01,0.016,8498.0,2965.0,1.0
0.016,0.913,-1.695,1.698,0.01,0.015,7639.0,2901.0,1.0
0.374,0.957,-1.51,2.094,0.013,0.014,5424.0,3078.0,1.0
-0.205,0.932,-1.936,1.624,0.011,0.016,6731.0,2924.0,1.0
0.347,0.944,-1.509,2.074,0.012,0.015,6156.0,3027.0,1.0
-0.009,0.899,-1.638,1.767,0.01,0.015,7578.0,3047.0,1.0
-0.025,0.885,-1.773,1.618,0.01,0.015,7099.0,2749.0,1.0
0.462,0.944,-1.36,2.216,0.013,0.014,5396.0,3209.0,1.0
0.503,0.966,-1.378,2.214,0.014,0.014,5129.0,3195.0,1.0
-0.251,0.912,-1.852,1.572,0.011,0.014,6607.0,3194.0,1.0
-0.354,0.942,-2.079,1.402,0.012,0.014,5915.0,3354.0,1.0
0.353,0.925,-1.481,2.024,0.011,0.014,6487.0,2864.0,1.0
-0.429,0.936,-2.15,1.383,0.012,0.014,5745.0,3125.0,1.0
-0.058,0.919,-1.637,1.786,0.011,0.015,7617.0,3314.0,1.0
0.117,0.887,-1.587,1.717,0.011,0.016,6327.0,3024.0,1.0
0.539,0.998,-1.389,2.316,0.016,0.015,3894.0,3030.0,1.0
0.346,0.945,-1.484,2.094,0.012,0.014,6213.0,3278.0,1.0
-0.048,0.915,-1.864,1.552,0.011,0.016,7519.0,3086.0,1.0
-0.076,0.901,-1.8,1.597,0.011,0.015,6669.0,3252.0,1.0
-0.273,0.935,-2.027,1.546,0.012,0.015,6237.0,2688.0,1.0
0.106,0.911,-1.565,1.872,0.01,0.015,7874.0,3353.0,1.0
0.012,0.898,-1.765,1.585,0.01,0.015,7497.0,3069.0,1.0
-0.027,0.922,-1.784,1.711,0.01,0.015,7802.0,3447.0,1.0
-0.323,0.923,-2.068,1.412,0.011,0.013,7127.0,3320.0,1.0
-0.199,0.917,-1.842,1.612,0.01,0.015,7624.0,3061.0,1.0
0.265,0.927,-1.392,2.07,0.011,0.015,6967.0,3006.0,1.0
-0.442,0.937,-2.052,1.456,0.012,0.014,6028.0,3461.0,1.0
-0.19,0.899,-1.825,1.551,0.01,0.015,7591.0,2762.0,1.0
-0.622,1.018,-2.415,1.364,0.017,0.014,3709.0,2984.0,1.0
-0.229,0.898,-1.984,1.377,0.011,0.014,6221.0,3312.0,1.0
0.252,0.908,-1.586,1.909,0.01,0.015,7386.0,3028.0,1.0
0.032,0.893,-1.634,1.716,0.01,0.015,7558.0,2835.0,1.0
-0.007,0.9,-1.755,1.636,0.01,0.015,8065.0,3180.0,1.0
0.006,0.912,-1.731,1.654,0.01,0.015,8284.0,3177.0,1.0
0.412,0.947,-1.494,2.105,0.012,0.014,5874.0,3081.0,1.0
-0.198,0.931,-2.013,1.478,0.011,0.015,7224.0,3162.0,1.0
0.357,0.915,-1.392,2.087,0.011,0.015,6665.0,2750.0,1.0
-0.04,0.923,-1.814,1.677,0.011,0.015,7028.0,3015.0,1.0
-0.062,0.906,-1.694,1.694,0.011,0.016,6152.0,3029.0,1.0
0.488,0.93,-1.236,2.262,0.013,0.014,4966.0,3199.0,1.0
0.482,0.959,-1.323,2.31,0.014,0.013,4632.0,3236.0,1.0
-0.254,0.95,-2.037,1.503,0.011,0.015,7085.0,2871.0,1.0
-0.353,0.955,-2.144,1.503,0.012,0.015,5982.0,3038.0,1.0
0.354,0.887,-1.326,2.094,0.011,0.013,6654.0,3194.0,1.0
-0.408,0.993,-2.22,1.466,0.012,0.016,6304.0,3131.0,1.0
-0.083,0.893,-1.692,1.658,0.011,0.014,7198.0,3023.0,1.0
0.078,0.884,-1.486,1.808,0.011,0.015,6739.0,2985.0,1.0
0.572,0.952,-1.433,2.171,0.014,0.014,4272.0,2671.0,1.0
0.341,0.893,-1.385,2.028,0.012,0.013,5699.0,3156.0,1.0
-0.056,0.89,-1.747,1.626,0.01,0.014,7541.0,3513.0,1.0
-0.098,0.902,-1.76,1.614,0.011,0.014,7283.0,3199.0,1.0
-0.293,0.94,-2.038,1.524,0.011,0.016,6983.0,2758.0,1.0
0.096,0.913,-1.604,1.87,0.01,0.016,7679.0,3069.0,1.0
0.003,0.903,-1.708,1.75,0.011,0.015,7219.0,3106.0,1.0
-0.055,0.923,-1.78,1.624,0.01,0.016,8036.0,3149.0,1.0
-0.301,0.962,-2.061,1.522,0.012,0.016,6202.0,3034.0,1.0
-0.201,0.933,-1.904,1.612,0.011,0.015,7068.0,3101.0,1.0
0.251,0.906,-1.375,2.051,0.011,0.014,6517.0,3256.0,1.0
-0.411,0.977,-2.134,1.53,0.013,0.015,5816.0,2833.0,1.0
-0.195,0.919,-1.921,1.548,0.01,0.015,8091.0,3020.0,1.0
-0.531,1.047,-2.467,1.338,0.018,0.016,3455.0,3112.0,1.0
-0.235,0.921,-2.001,1.443,0.011,0.015,7564.0,2858.0,1.0
0.231,0.886,-1.525,1.845,0.011,0.013,7010.0,3491.0,1.0
0.012,0.903,-1.701,1.745,0.011,0.014,6652.0,3281.0,1.0
-0.031,0.891,-1.703,1.635,0.011,0.016,6789.0,2663.0,1.0
-0.031,0.914,-1.888,1.602,0.01,0.016,7719.0,2928.0,1.0
0.384,0.92,-1.437,2.054,0.012,0.013,5791.0,3185.0,1.0
-0.214,0.913,-1.93,1.501,0.012,0.016,6009.0,2839.0,1.0
0.336,0.893,-1.346,1.96,0.011,0.014,7173.0,2932.0,1.0
0.335,0.222,0.0,0.722,0.003,0.002,4309.0,2597.0,1.0
0.333,0.219,0.0,0.72,0.003,0.002,4342.0,2298.0,1.0
0.294,0.227,0.0,0.72,0.005,0.004,1786.0,2562.0,1.0
0.305,0.236,0.001,0.744,0.005,0.004,1970.0,2973.0,1.0
0.358,0.232,0.0,0.76,0.004,0.003,3005.0,2363.0,1.0
0.356,0.24,0.001,0.777,0.004,0.003,2951.0,2708.0,1.0
0.305,0.225,0.0,0.722,0.004,0.003,2704.0,2151.0,1.0
0.359,0.242,0.001,0.774,0.005,0.003,2571.0,3246.0,1.0
0.337,0.224,0.0,0.735,0.003,0.002,4503.0,2568.0,1.0
0.325,0.217,0.0,0.706,0.003,0.002,3884.0,2336.0,1.0
0.293,0.239,0.0,0.746,0.006,0.004,1938.0,2942.0,1.0
0.313,0.228,0.0,0.728,0.004,0.003,2928.0,2878.0,1.0
0.338,0.216,0.002,0.722,0.003,0.002,4271.0,2596.0,1.0
0.342,0.218,0.0,0.717,0.003,0.003,3581.0,2571.0,1.0
0.356,0.233,0.0,0.759,0.004,0.003,3078.0,2483.0,1.0
0.325,0.219,0.0,0.713,0.003,0.002,3991.0,2692.0,1.0
0.33,0.217,0.0,0.713,0.003,0.002,4250.0,2521.0,1.0
0.339,0.218,0.0,0.722,0.003,0.002,3760.0,2268.0,1.0
0.356,0.236,0.0,0.768,0.004,0.003,2870.0,2457.0,1.0
0.35,0.225,0.0,0.741,0.004,0.003,3636.0,2746.0,1.0
0.315,0.221,0.0,0.716,0.004,0.003,2955.0,2591.0,1.0
0.361,0.242,0.001,0.788,0.005,0.004,2255.0,3018.0,1.0
0.345,0.226,0.0,0.732,0.004,0.003,3437.0,2645.0,1.0
0.369,0.265,0.0,0.816,0.007,0.005,1445.0,2822.0,1.0
0.346,0.224,0.002,0.733,0.004,0.002,3764.0,2693.0,1.0
0.316,0.222,0.0,0.709,0.004,0.003,3594.0,2894.0,1.0
0.334,0.219,0.001,0.725,0.003,0.002,3707.0,2664.0,1.0
0.335,0.217,0.0,0.715,0.003,0.002,4099.0,2687.0,1.0
0.331,0.22,0.001,0.722,0.003,0.002,4248.0,2675.0,1.0
0.302,0.224,0.0,0.709,0.005,0.003,2451.0,2599.0,1.0
0.347,0.23,0.0,0.738,0.004,0.003,2829.0,2230.0,1.0
0.306,0.224,0.0,0.719,0.005,0.003,2416.0,3347.0,1.0
0.332,0.22,0.001,0.718,0.003,0.002,4552.0,3241.0,1.0
0.33,0.22,0.0,0.713,0.003,0.002,4116.0,2707.0,1.0
0.333,0.239,0.0,0.767,0.006,0.004,1599.0,2645.0,1.0
0.331,0.243,0.0,0.764,0.006,0.004,1918.0,3070.0,1.0
0.326,0.224,0.0,0.718,0.004,0.003,3348.0,2768.0,1.0
0.334,0.233,0.0,0.751,0.004,0.003,2890.0,2384.0,1.0
0.327,0.232,0.0,0.751,0.005,0.003,2586.0,2681.0,1.0
0.338,0.239,0.002,0.767,0.005,0.004,2289.0,2637.0,1.0
0.333,0.224,0.0,0.726,0.003,0.003,3828.0,2257.0,1.0
0.334,0.223,0.0,0.727,0.003,0.003,3746.0,2221.0,1.0
0.328,0.248,0.0,0.778,0.006,0.004,1602.0,2738.0,1.0
0.328,0.226,0.0,0.729,0.004,0.003,2525.0,2406.0,1.0
0.335,0.223,0.0,0.725,0.003,0.002,4337.0,2469.0,1.0
0.331,0.218,0.001,0.723,0.003,0.002,4077.0,2831.0,1.0
0.338,0.233,0.001,0.754,0.004,0.003,3709.0,3135.0,1.0
0.331,0.215,0.0,0.708,0.003,0.002,4127.0,2373.0,1.0
0.332,0.222,0.0,0.722,0.003,0.003,4134.0,2570.0,1.0
0.334,0.223,0.0,0.73,0.003,0.002,3830.0,2578.0,1.0
0.337,0.237,0.0,0.75,0.004,0.003,2977.0,2278.0,1.0
0.336,0.225,0.001,0.732,0.004,0.003,3418.0,2784.0,1.0
0.325,0.228,0.0,0.731,0.004,0.003,3342.0,2876.0,1.0
0.335,0.24,0.0,0.759,0.005,0.004,1979.0,2401.0,1.0
0.34,0.222,0.0,0.726,0.004,0.003,3801.0,3149.0,1.0
0.346,0.259,0.0,0.801,0.007,0.005,1471.0,2839.0,1.0
0.337,0.224,0.0,0.744,0.004,0.003,3141.0,2686.0,1.0
0.335,0.228,0.001,0.738,0.004,0.003,3502.0,2595.0,1.0
0.332,0.22,0.0,0.713,0.003,0.002,3738.0,2766.0,1.0
0.331,0.217,0.001,0.714,0.003,0.002,4144.0,2920.0,1.0
0.335,0.223,0.0,0.726,0.003,0.002,4411.0,2627.0,1.0
0.333,0.236,0.001,0.757,0.005,0.003,2437.0,2761.0,1.0
0.329,0.227,0.001,0.735,0.004,0.003,2726.0,2749.0,1.0
0.33,0.231,0.0,0.741,0.005,0.003,2425.0,3194.0,1.0
0.332,0.222,0.0,0.73,0.003,0.002,4827.0,2814.0,1.0
0.337,0.224,0.001,0.732,0.004,0.003,3790.0,2666.0,1.0
0.373,0.249,0.0,0.792,0.006,0.004,1855.0,2943.0,1.0
0.364,0.246,0.0,0.783,0.005,0.004,2031.0,2744.0,1.0
0.316,0.225,0.0,0.723,0.004,0.003,3633.0,2585.0,1.0
0.309,0.228,0.0,0.727,0.004,0.003,2927.0,2842.0,1.0
0.368,0.238,0.0,0.778,0.005,0.003,2704.0,2974.0,1.0
0.303,0.23,0.0,0.722,0.005,0.003,2517.0,2670.0,1.0
0.33,0.224,0.001,0.727,0.003,0.002,4183.0,2727.0,1.0
0.341,0.224,0.0,0.724,0.003,0.002,3835.0,3049.0,1.0
0.379,0.257,0.0,0.816,0.006,0.004,1809.0,2461.0,1.0
0.36,0.236,0.0,0.767,0.004,0.003,3069.0,2649.0,1.0
0.328,0.219,0.0,0.71,0.003,0.002,4491.0,3106.0,1.0
0.327,0.216,0.0,0.707,0.003,0.002,3811.0,2569.0,1.0
0.306,0.224,0.0,0.718,0.004,0.003,3017.0,2085.0,1.0
0.344,0.222,0.0,0.736,0.003,0.002,3983.0,2857.0,1.0
0.339,0.22,0.001,0.729,0.003,0.002,4831.0,2822.0,1.0
0.327,0.219,0.0,0.716,0.003,0.002,4323.0,3061.0,1.0
0.307,0.223,0.0,0.72,0.004,0.003,2665.0,2508.0,1.0
0.314,0.217,0.0,0.71,0.004,0.003,3539.0,3132.0,1.0
0.36,0.231,0.0,0.758,0.004,0.003,3526.0,2856.0,1.0
0.303,0.229,0.0,0.728,0.005,0.003,2609.0,3238.0,1.0
0.315,0.216,0.001,0.696,0.003,0.002,3549.0,2657.0,1.0
0.286,0.241,0.0,0.763,0.006,0.005,1498.0,2575.0,1.0
0.316,0.22,0.001,0.717,0.003,0.003,3783.0,2871.0,1.0
0.349,0.231,0.0,0.753,0.004,0.003,3315.0,2719.0,1.0
0.334,0.22,0.0,0.72,0.003,0.002,4352.0,2683.0,1.0
0.334,0.219,0.001,0.732,0.003,0.002,4104.0,2850.0,1.0
0.334,0.219,0.0,0.723,0.003,0.002,4242.0,2880.0,1.0
0.364,0.239,0.0,0.775,0.005,0.003,2431.0,2755.0,1.0
0.324,0.224,0.0,0.723,0.004,0.003,3624.0,2910.0,1.0
0.364,0.237,0.001,0.776,0.005,0.003,2551.0,3224.0,1.0
0.031,0.029,0.0,0.084,0.0,0.0,5430.0,2419.0,1.0
0.031,0.029,0.0,0.085,0.0,0.0,5187.0,2231.0,1.0
0.028,0.029,0.0,0.082,0.001,0.0,2303.0,2430.0,1.0
0.029,0.029,0.0,0.083,0.001,0.0,2734.0,2741.0,1.0
0.033,0.029,0.0,0.087,0.0,0.0,3747.0,2166.0,1.0
0.034,0.032,0.0,0.094,0.0,0.0,3955.0,2684.0,1.0
0.029,0.029,0.0,0.081,0.0,0.0,3630.0,2125.0,1.0
0.034,0.032,0.0,0.094,0.0,0.0,3376.0,3087.0,1.0
0.032,0.029,0.0,0.086,0.0,0.0,5226.0,2326.0,1.0
0.03,0.029,0.0,0.084,0.0,0.0,4928.0,1890.0,1.0
0.028,0.029,0.0,0.082,0.001,0.0,2616.0,2664.0,1.0
0.029,0.029,0.0,0.083,0.0,0.0,4014.0,2561.0,1.0
0.031,0.028,0.0,0.083,0.0,0.0,5063.0,2263.0,1.0
0.032,0.03,0.0,0.089,0.0,0.0,4878.0,2201.0,1.0
0.033,0.03,0.0,0.088,0.0,0.0,3763.0,2079.0,1.0
0.031,0.029,0.0,0.082,0.0,0.0,5135.0,2654.0,1.0
0.031,0.03,0.0,0.084,0.0,0.0,4923.0,2637.0,1.0
0.031,0.029,0.0,0.082,0.0,0.0,4553.0,2258.0,1.0
0.033,0.032,0.0,0.091,0.0,0.0,3982.0,2339.0,1.0
0.033,0.03,0.0,0.087,0.0,0.0,4731.0,2481.0,1.0
0.029,0.029,0.0,0.082,0.0,0.0,3646.0,2698.0,1.0
0.034,0.032,0.0,0.093,0.001,0.0,2971.0,2764.0,1.0
0.033,0.031,0.0,0.089,0.0,0.0,4692.0,2711.0,1.0
0.035,0.034,0.0,0.1,0.001,0.001,2020.0,2716.0,1.0
0.033,0.031,0.0,0.087,0.0,0.0,4925.0,2759.0,1.0
0.03,0.029,0.0,0.085,0.0,0.0,4003.0,2822.0,1.0
0.031,0.028,0.0,0.081,0.0,0.0,5007.0,2314.0,1.0
0.032,0.029,0.0,0.083,0.0,0.0,4873.0,2580.0,1.0
0.031,0.03,0.0,0.085,0.0,0.0,5453.0,2465.0,1.0
0.028,0.029,0.0,0.081,0.0,0.0,3075.0,2300.0,1.0
0.033,0.031,0.0,0.089,0.0,0.0,3718.0,1789.0,1.0
0.028,0.028,0.0,0.08,0.0,0.0,3124.0,2936.0,1.0
0.031,0.028,0.0,0.083,0.0,0.0,5732.0,3014.0,1.0
0.031,0.029,0.0,0.083,0.0,0.0,4767.0,2275.0,1.0
0.031,0.031,0.0,0.087,0.001,0.0,2365.0,2057.0,1.0
0.031,0.031,0.0,0.088,0.001,0.0,2573.0,2809.0,1.0
0.03,0.028,0.0,0.082,0.0,0.0,4100.0,2509.0,1.0
0.032,0.031,0.0,0.088,0.0,0.0,3427.0,2338.0,1.0
0.031,0.031,0.0,0.087,0.0,0.0,3934.0,2358.0,1.0
0.032,0.031,0.0,0.088,0.001,0.0,3252.0,2880.0,1.0
0.032,0.03,0.0,0.087,0.0,0.0,5339.0,2317.0,1.0
0.031,0.03,0.0,0.084,0.0,0.0,4756.0,2063.0,1.0
0.031,0.032,0.0,0.091,0.001,0.0,2228.0,2576.0,1.0
0.031,0.03,0.0,0.086,0.0,0.0,2949.0,2350.0,1.0
0.031,0.03,0.0,0.084,0.0,0.0,5253.0,2394.0,1.0
0.031,0.029,0.0,0.083,0.0,0.0,4807.0,2641.0,1.0
0.031,0.029,0.0,0.086,0.0,0.0,4972.0,2715.0,1.0
0.031,0.029,0.0,0.083,0.0,0.0,5399.0,2123.0,1.0
0.031,0.03,0.0,0.085,0.0,0.0,5374.0,2517.0,1.0
0.031,0.03,0.0,0.084,0.0,0.0,4447.0,2397.0,1.0
0.032,0.032,0.0,0.091,0.0,0.0,3563.0,1962.0,1.0
0.032,0.029,0.0,0.085,0.0,0.0,4566.0,2404.0,1.0
0.031,0.031,0.0,0.087,0.0,0.0,4478.0,2276.0,1.0
0.032,0.031,0.0,0.089,0.001,0.0,2986.0,2354.0,1.0
0.032,0.029,0.0,0.085,0.0,0.0,4682.0,2682.0,1.0
0.033,0.034,0.0,0.097,0.001,0.001,1992.0,2727.0,1.0
0.031,0.029,0.0,0.086,0.0,0.0,4091.0,2517.0,1.0
0.031,0.029,0.0,0.085,0.0,0.0,4237.0,2541.0,1.0
0.031,0.029,0.0,0.085,0.0,0.0,5107.0,2649.0,1.0
0.031,0.029,0.0,0.084,0.0,0.0,5213.0,2634.0,1.0
0.031,0.029,0.0,0.085,0.0,0.0,5382.0,2420.0,1.0
0.031,0.03,0.0,0.087,0.0,0.0,3177.0,2253.0,1.0
0.031,0.029,0.0,0.083,0.0,0.0,3512.0,2568.0,1.0
0.031,0.029,0.0,0.087,0.001,0.0,2726.0,3166.0,1.0
0.031,0.03,0.0,0.086,0.0,0.0,5995.0,2640.0,1.0
0.032,0.029,0.0,0.084,0.0,0.0,5575.0,2438.0,1.0
0.035,0.034,0.0,0.098,0.001,0.0,2774.0,2781.0,1.0
0.034,0.033,0.0,0.093,0.001,0.0,2746.0,2688.0,1.0
0.03,0.03,0.0,0.087,0.0,0.0,4666.0,2413.0,1.0
0.029,0.029,0.0,0.082,0.0,0.0,3757.0,2704.0,1.0
0.034,0.031,0.0,0.091,0.0,0.0,3526.0,2817.0,1.0
0.028,0.029,0.0,0.082,0.0,0.0,3229.0,2760.0,1.0
0.031,0.029,0.0,0.083,0.0,0.0,4859.0,2616.0,1.0
0.032,0.03,0.0,0.086,0.0,0.0,4718.0,2617.0,1.0
0.036,0.034,0.0,0.096,0.001,0.0,2434.0,2135.0,1.0
0.034,0.031,0.0,0.092,0.0,0.0,3550.0,2531.0,1.0
0.031,0.03,0.0,0.084,0.0,0.0,5988.0,2790.0,1.0
0.03,0.028,0.0,0.08,0.0,0.0,4577.0,2275.0,1.0
0.029,0.029,0.0,0.085,0.0,0.0,3856.0,1823.0,1.0
0.032,0.029,0.0,0.085,0.0,0.0,5191.0,2701.0,1.0
0.032,0.03,0.0,0.087,0.0,0.0,5627.0,2652.0,1.0
0.03,0.028,0.0,0.08,0.0,0.0,5101.0,2695.0,1.0
0.028,0.027,0.0,0.078,0.0,0.0,4007.0,2346.0,1.0
0.029,0.028,0.0,0.08,0.0,0.0,4846.0,2857.0,1.0
0.033,0.03,0.0,0.088,0.0,0.0,4473.0,2829.0,1.0
0.029,0.029,0.0,0.084,0.0,0.0,3178.0,3130.0,1.0
0.03,0.029,0.0,0.08,0.0,0.0,4145.0,2347.0,1.0
0.027,0.03,0.0,0.085,0.001,0.0,2055.0,2595.0,1.0
0.03,0.029,0.0,0.082,0.0,0.0,4667.0,2879.0,1.0
0.032,0.03,0.0,0.087,0.0,0.0,4601.0,2673.0,1.0
0.031,0.029,0.0,0.082,0.0,0.0,4881.0,2448.0,1.0
0.031,0.029,0.0,0.085,0.0,0.0,4653.0,2825.0,1.0
0.031,0.029,0.0,0.084,0.0,0.0,5459.0,2519.0,1.0
0.034,0.032,0.0,0.091,0.0,0.0,3548.0,2442.0,1.0
0.03,0.03,0.0,0.083,0.0,0.0,4735.0,2659.0,1.0
0.034,0.031,0.0,0.092,0.001,0.0,2894.0,2226.0,1.0
-0.006,0.091,-0.178,0.163,0.001,0.001,4038.0,3679.0,1.0
-0.017,0.095,-0.192,0.161,0.001,0.001,4570.0,3898.0,1.0
0.269,0.09,0.105,0.438,0.001,0.001,3971.0,3932.0,1.0
0.287,0.093,0.117,0.452,0.001,0.001,4167.0,3563.0,1.0
-0.137,0.097,-0.313,0.052,0.001,0.001,4275.0,3437.0,1.0
-0.197,0.097,-0.376,-0.015,0.002,0.001,3670.0,3601.0,1.0
0.201,0.091,0.041,0.385,0.001,0.001,4007.0,3812.0,1.0
-0.238,0.1,-0.43,-0.057,0.002,0.001,4226.0,3643.0,1.0
-0.032,0.094,-0.22,0.135,0.001,0.001,4379.0,3579.0,1.0
0.056,0.088,-0.118,0.212,0.001,0.001,3764.0,3544.0,1.0
0.329,0.094,0.157,0.507,0.001,0.001,3978.0,3579.0,1.0
0.191,0.094,0.022,0.376,0.002,0.001,3738.0,3623.0,1.0
-0.027,0.092,-0.2,0.142,0.001,0.001,4117.0,3665.0,1.0
-0.047,0.092,-0.221,0.12,0.001,0.001,4131.0,3905.0,1.0
-0.158,0.097,-0.33,0.034,0.001,0.001,4407.0,3713.0,1.0
0.062,0.089,-0.1,0.231,0.001,0.001,3923.0,3473.0,1.0
0.011,0.089,-0.148,0.184,0.001,0.001,4549.0,3768.0,1.0
-0.021,0.089,-0.202,0.132,0.001,0.001,3882.0,3470.0,1.0
-0.172,0.098,-0.372,-0.001,0.001,0.001,4359.0,3761.0,1.0
-0.105,0.096,-0.299,0.066,0.002,0.001,3940.0,3041.0,1.0
0.145,0.092,-0.028,0.315,0.001,0.001,4098.0,3472.0,1.0
-0.244,0.099,-0.432,-0.065,0.002,0.001,4034.0,3801.0,1.0
-0.102,0.095,-0.284,0.072,0.001,0.001,4193.0,3892.0,1.0
-0.373,0.109,-0.575,-0.165,0.002,0.001,4090.0,3779.0,1.0
-0.12,0.096,-0.287,0.073,0.001,0.001,4208.0,3587.0,1.0
0.138,0.093,-0.038,0.308,0.001,0.001,4094.0,3709.0,1.0
0.012,0.09,-0.142,0.193,0.001,0.001,4186.0,3826.0,1.0
-0.007,0.092,-0.173,0.171,0.001,0.001,4116.0,3853.0,1.0
-0.003,0.095,-0.176,0.176,0.001,0.001,4201.0,3730.0,1.0
0.226,0.094,0.057,0.406,0.001,0.001,4155.0,3932.0,1.0
-0.117,0.096,-0.289,0.061,0.001,0.001,4255.0,3607.0,1.0
0.197,0.093,0.007,0.357,0.001,0.001,4271.0,3668.0,1.0
0.003,0.597,-1.126,1.086,0.01,0.009,3924.0,3033.0,1.0
-0.007,0.596,-1.108,1.108,0.01,0.009,3931.0,3091.0,1.0
0.279,0.597,-0.919,1.339,0.01,0.009,3960.0,3100.0,1.0
0.296,0.597,-0.915,1.338,0.009,0.008,3972.0,2775.0,1.0
-0.127,0.596,-1.241,1.007,0.009,0.009,3969.0,3098.0,1.0
-0.187,0.601,-1.371,0.872,0.01,0.009,3854.0,3018.0,1.0
0.21,0.597,-0.892,1.338,0.009,0.009,3984.0,3010.0,1.0
-0.228,0.597,-1.273,0.941,0.009,0.009,3995.0,3080.0,1.0
-0.022,0.596,-1.046,1.192,0.009,0.009,3936.0,2874.0,1.0
0.066,0.596,-1.03,1.21,0.01,0.009,3924.0,3016.0,1.0
0.339,0.596,-0.766,1.458,0.009,0.008,3973.0,2679.0,1.0
0.2,0.598,-0.905,1.347,0.01,0.009,3948.0,3102.0,1.0
-0.017,0.597,-1.124,1.109,0.009,0.009,3959.0,2947.0,1.0
-0.037,0.597,-1.121,1.108,0.009,0.009,3954.0,2914.0,1.0
-0.148,0.6,-1.247,1.012,0.01,0.009,3902.0,2772.0,1.0
0.072,0.597,-1.097,1.16,0.01,0.009,3906.0,3147.0,1.0
0.021,0.597,-1.117,1.139,0.01,0.009,3901.0,3029.0,1.0
-0.011,0.597,-1.123,1.115,0.01,0.009,3839.0,2969.0,1.0
-0.162,0.6,-1.265,0.996,0.01,0.009,3988.0,3128.0,1.0
-0.095,0.599,-1.259,1.005,0.01,0.009,3930.0,2846.0,1.0
0.155,0.598,-0.904,1.341,0.01,0.009,3953.0,3126.0,1.0
-0.235,0.599,-1.316,0.913,0.01,0.009,3959.0,2917.0,1.0
-0.093,0.597,-1.144,1.094,0.009,0.009,3952.0,3263.0,1.0
-0.363,0.598,-1.547,0.684,0.01,0.008,3957.0,2831.0,1.0
-0.11,0.596,-1.245,0.98,0.009,0.009,3964.0,3026.0,1.0
0.148,0.595,-0.988,1.255,0.01,0.009,3896.0,3004.0,1.0
0.022,0.596,-1.079,1.14,0.009,0.009,3960.0,2954.0,1.0
0.003,0.596,-1.135,1.095,0.01,0.009,3931.0,2911.0,1.0
0.007,0.595,-1.066,1.174,0.009,0.009,3988.0,2899.0,1.0
0.236,0.597,-0.887,1.361,0.01,0.009,3938.0,2995.0,1.0
-0.107,0.597,-1.257,0.99,0.009,0.009,3969.0,2902.0,1.0
0.207,0.597,-0.96,1.29,0.009,0.009,3967.0,3187.0,1.0
0.003,0.681,-1.195,1.333,0.013,0.01,2724.0,2673.0,1.0
0.001,0.688,-1.211,1.331,0.013,0.01,2773.0,2708.0,1.0
0.158,0.713,-1.067,1.558,0.015,0.01,2352.0,2920.0,1.0
0.171,0.72,-1.251,1.467,0.015,0.011,2356.0,2481.0,1.0
-0.073,0.693,-1.348,1.255,0.013,0.01,2750.0,2898.0,1.0
-0.108,0.698,-1.379,1.219,0.013,0.01,2693.0,2956.0,1.0
0.122,0.711,-1.116,1.522,0.014,0.01,2457.0,3029.0,1.0
-0.131,0.706,-1.446,1.189,0.014,0.01,2651.0,2822.0,1.0
-0.013,0.688,-1.258,1.296,0.013,0.01,2710.0,2830.0,1.0
0.04,0.686,-1.228,1.338,0.014,0.01,2578.0,3079.0,1.0
0.183,0.724,-1.049,1.63,0.016,0.011,2176.0,2766.0,1.0
0.119,0.695,-1.164,1.409,0.014,0.01,2417.0,2912.0,1.0
-0.01,0.687,-1.319,1.277,0.013,0.011,2877.0,2722.0,1.0
-0.017,0.686,-1.244,1.336,0.013,0.01,2749.0,2917.0,1.0
-0.083,0.689,-1.367,1.219,0.013,0.01,2784.0,2972.0,1.0
0.042,0.694,-1.283,1.303,0.013,0.01,2667.0,3036.0,1.0
0.009,0.691,-1.23,1.323,0.013,0.01,2737.0,3022.0,1.0
-0.003,0.691,-1.254,1.325,0.013,0.01,2831.0,2900.0,1.0
-0.099,0.695,-1.367,1.212,0.013,0.01,2893.0,2849.0,1.0
-0.056,0.688,-1.301,1.291,0.013,0.01,2761.0,2983.0,1.0
0.091,0.698,-1.12,1.48,0.014,0.01,2638.0,2756.0,1.0
-0.134,0.682,-1.343,1.21,0.013,0.009,2622.0,3238.0,1.0
-0.054,0.685,-1.335,1.225,0.013,0.01,2742.0,2815.0,1.0
-0.2,0.721,-1.504,1.195,0.015,0.011,2310.0,2818.0,1.0
-0.067,0.692,-1.288,1.322,0.013,0.01,2710.0,2866.0,1.0
0.087,0.685,-1.171,1.371,0.013,0.01,2632.0,2833.0,1.0
0.018,0.687,-1.217,1.372,0.013,0.01,2802.0,2838.0,1.0
0.001,0.679,-1.226,1.274,0.013,0.01,2836.0,3068.0,1.0
0.008,0.689,-1.26,1.312,0.013,0.01,2761.0,2999.0,1.0
0.135,0.703,-1.088,1.548,0.014,0.01,2507.0,3061.0,1.0
-0.057,0.694,-1.39,1.242,0.013,0.01,2832.0,2830.0,1.0
0.121,0.709,-1.206,1.419,0.014,0.01,2421.0,2739.0,1.0
-0.066,0.684,-1.328,1.251,0.012,0.009,3131.0,2955.0,1.0
-0.078,0.678,-1.421,1.132,0.012,0.01,3178.0,2756.0,1.0
0.061,0.7,-1.278,1.378,0.014,0.01,2615.0,2915.0,1.0
0.084,0.705,-1.301,1.329,0.014,0.01,2674.0,2959.0,1.0
-0.144,0.685,-1.459,1.116,0.012,0.01,3118.0,2896.0,1.0
-0.178,0.688,-1.441,1.138,0.013,0.009,2962.0,2909.0,1.0
0.036,0.694,-1.233,1.387,0.013,0.01,2889.0,3166.0,1.0
-0.205,0.694,-1.515,1.099,0.013,0.009,2926.0,2971.0,1.0
-0.083,0.681,-1.378,1.189,0.012,0.01,3262.0,3006.0,1.0
-0.038,0.685,-1.499,1.124,0.012,0.01,3143.0,3147.0,1.0
0.09,0.725,-1.35,1.361,0.014,0.01,2578.0,2749.0,1.0
0.035,0.689,-1.244,1.328,0.013,0.011,2672.0,2609.0,1.0
-0.078,0.682,-1.286,1.264,0.012,0.01,3109.0,2810.0,1.0
-0.09,0.681,-1.334,1.245,0.012,0.01,3252.0,3013.0,1.0
-0.151,0.689,-1.417,1.167,0.012,0.009,3138.0,2819.0,1.0
-0.032,0.681,-1.317,1.232,0.012,0.009,3225.0,2937.0,1.0
-0.06,0.676,-1.237,1.287,0.012,0.01,3175.0,2850.0,1.0
-0.075,0.681,-1.289,1.281,0.012,0.01,3027.0,2901.0,1.0
-0.163,0.68,-1.403,1.151,0.012,0.009,3048.0,2617.0,1.0
-0.121,0.675,-1.408,1.138,0.012,0.01,2966.0,2723.0,1.0
0.016,0.69,-1.252,1.37,0.013,0.01,2819.0,2815.0,1.0
-0.199,0.701,-1.56,1.074,0.013,0.01,2989.0,2707.0,1.0
-0.119,0.687,-1.478,1.129,0.012,0.009,3223.0,3185.0,1.0
-0.269,0.71,-1.601,1.043,0.014,0.01,2503.0,2570.0,1.0
-0.133,0.688,-1.42,1.175,0.012,0.01,3147.0,2587.0,1.0
0.009,0.689,-1.208,1.385,0.013,0.011,2960.0,2773.0,1.0
-0.055,0.676,-1.293,1.282,0.012,0.01,3090.0,2914.0,1.0
-0.067,0.681,-1.38,1.175,0.012,0.009,3310.0,3163.0,1.0
-0.066,0.683,-1.356,1.21,0.012,0.01,3114.0,2528.0,1.0
0.043,0.699,-1.321,1.303,0.013,0.01,2725.0,2825.0,1.0
-0.136,0.674,-1.414,1.133,0.012,0.01,2970.0,2845.0,1.0
0.038,0.692,-1.243,1.368,0.013,0.01,2922.0,2866.0,1.0
0.085,0.673,-1.139,1.388,0.012,0.01,3135.0,2813.0,1.0
0.076,0.669,-1.195,1.283,0.012,0.009,3151.0,3044.0,1.0
0.247,0.682,-1.055,1.541,0.013,0.009,2881.0,3159.0,1.0
0.245,0.697,-1.1,1.524,0.013,0.009,2750.0,3141.0,1.0
0.015,0.673,-1.282,1.218,0.013,0.009,2848.0,3251.0,1.0
-0.017,0.682,-1.247,1.318,0.013,0.01,2849.0,2656.0,1.0
0.208,0.678,-1.013,1.538,0.013,0.009,2928.0,3086.0,1.0
-0.032,0.695,-1.417,1.231,0.013,0.01,2666.0,2968.0,1.0
0.074,0.67,-1.155,1.339,0.012,0.009,3111.0,3484.0,1.0
0.122,0.659,-1.069,1.403,0.012,0.009,3053.0,3101.0,1.0
0.277,0.695,-1.013,1.56,0.013,0.01,2660.0,3124.0,1.0
0.202,0.682,-1.103,1.454,0.012,0.01,2990.0,3152.0,1.0
0.078,0.668,-1.151,1.371,0.012,0.009,3184.0,3422.0,1.0
0.067,0.674,-1.209,1.321,0.012,0.009,2937.0,2730.0,1.0
0.002,0.686,-1.294,1.3,0.013,0.009,2734.0,3210.0,1.0
0.127,0.671,-1.226,1.322,0.012,0.009,3120.0,2762.0,1.0
0.097,0.668,-1.087,1.431,0.012,0.009,3250.0,3335.0,1.0
0.082,0.672,-1.079,1.45,0.012,0.01,3017.0,2713.0,1.0
0.001,0.685,-1.331,1.23,0.013,0.009,2743.0,3233.0,1.0
0.034,0.684,-1.296,1.281,0.012,0.01,3059.0,3442.0,1.0
0.176,0.681,-1.127,1.423,0.012,0.009,3063.0,3050.0,1.0
-0.039,0.693,-1.416,1.18,0.014,0.01,2589.0,2998.0,1.0
0.037,0.679,-1.273,1.308,0.013,0.009,2956.0,3157.0,1.0
-0.081,0.718,-1.469,1.208,0.016,0.011,2108.0,2636.0,1.0
0.021,0.675,-1.194,1.334,0.013,0.009,2840.0,3393.0,1.0
0.17,0.673,-1.07,1.42,0.012,0.009,3074.0,3212.0,1.0
0.097,0.668,-1.162,1.328,0.012,0.009,3134.0,3015.0,1.0
0.086,0.673,-1.283,1.278,0.012,0.009,3087.0,3375.0,1.0
0.091,0.67,-1.153,1.354,0.011,0.009,3397.0,3192.0,1.0
0.218,0.677,-1.023,1.466,0.013,0.009,2881.0,3019.0,1.0
0.03,0.681,-1.284,1.303,0.012,0.01,3110.0,3181.0,1.0
0.202,0.676,-1.094,1.443,0.012,0.009,3365.0,3235.0,1.0
-0.109,0.931,-1.914,1.618,0.01,0.016,8451.0,3201.0,1.0
0.04,0.927,-1.722,1.757,0.01,0.015,8389.0,3215.0,1.0
-0.127,0.937,-1.826,1.638,0.01,0.017,8085.0,2945.0,1.0
-0.037,0.937,-1.687,1.84,0.01,0.016,8245.0,3138.0,1.0
0.538,0.994,-1.338,2.34,0.013,0.015,5586.0,3222.0,1.0
-0.144,0.909,-1.735,1.691,0.01,0.016,8119.0,3069.0,1.0
0.279,0.946,-1.522,2.075,0.011,0.016,7906.0,3049.0,1.0
0.181,0.934,-1.653,1.884,0.01,0.016,8115.0,2902.0,1.0
0.331,0.952,-1.356,2.215,0.011,0.015,7348.0,3304.0,1.0
-0.233,0.927,-1.992,1.496,0.011,0.016,7760.0,3074.0,1.0
-0.236,0.934,-2.001,1.545,0.011,0.016,7157.0,2625.0,1.0
-0.317,0.978,-2.017,1.603,0.012,0.017,6684.0,3238.0,1.0
-0.027,0.921,-1.709,1.756,0.01,0.016,9048.0,2875.0,1.0
0.112,0.926,-1.691,1.777,0.01,0.016,8760.0,3079.0,1.0
0.269,0.923,-1.429,2.055,0.011,0.015,7676.0,2952.0,1.01
-0.384,0.959,-2.098,1.429,0.013,0.015,5578.0,3306.0,1.0
-0.428,1.013,-2.382,1.484,0.013,0.015,6279.0,2987.0,1.0
-0.051,0.947,-1.699,1.837,0.01,0.017,8692.0,2606.0,1.0
0.237,0.965,-1.607,2.049,0.011,0.016,7736.0,3072.0,1.0
-0.013,0.929,-1.88,1.59,0.01,0.017,8757.0,2937.0,1.0
-0.279,0.982,-2.093,1.584,0.011,0.017,8351.0,2956.0,1.0
0.283,0.944,-1.425,2.103,0.011,0.014,7684.0,3351.0,1.0
0.009,0.908,-1.613,1.817,0.01,0.015,7827.0,3176.0,1.0
0.031,0.938,-1.787,1.691,0.009,0.018,9848.0,2672.0,1.0
0.065,0.943,-1.729,1.834,0.011,0.018,7883.0,2559.0,1.0
-0.347,0.959,-2.211,1.395,0.011,0.015,8153.0,3150.0,1.0
-0.197,0.967,-1.937,1.707,0.01,0.017,9384.0,2860.0,1.0
-0.075,0.939,-1.836,1.718,0.01,0.016,9115.0,3039.0,1.0
0.012,0.939,-1.658,1.824,0.01,0.016,9379.0,2842.0,1.0
0.03,0.963,-1.799,1.85,0.01,0.017,9199.0,2848.0,1.0
0.258,0.93,-1.532,1.911,0.011,0.015,6781.0,3085.0,1.0
0.095,0.927,-1.704,1.774,0.01,0.016,9182.0,2844.0,1.0
-0.098,0.947,-1.889,1.686,0.011,0.017,7575.0,2887.0,1.0
0.037,0.92,-1.693,1.798,0.011,0.017,7308.0,2710.0,1.0
-0.125,0.956,-2.041,1.57,0.011,0.017,7628.0,2965.0,1.0
-0.027,0.935,-1.732,1.824,0.011,0.017,7284.0,2493.0,1.0
0.557,1.028,-1.38,2.44,0.015,0.015,4814.0,3392.0,1.0
-0.119,0.907,-1.854,1.548,0.01,0.017,7846.0,2991.0,1.0
0.313,0.944,-1.545,1.963,0.011,0.017,7265.0,2463.0,1.0
0.199,0.941,-1.656,1.925,0.01,0.016,8946.0,2869.0,1.0
0.313,0.951,-1.431,2.084,0.011,0.014,7492.0,3449.0,1.0
-0.243,0.924,-1.984,1.483,0.011,0.015,6989.0,3112.0,1.0
-0.253,0.904,-2.048,1.326,0.01,0.014,7600.0,3110.0,1.0
-0.329,0.961,-1.963,1.654,0.012,0.015,6059.0,2919.0,1.0
-0.013,0.903,-1.71,1.692,0.01,0.015,8739.0,3296.0,1.0
0.146,0.935,-1.585,1.945,0.011,0.017,7252.0,2991.0,1.0
0.274,0.97,-1.508,2.152,0.012,0.017,6798.0,2488.0,1.0
-0.397,0.971,-2.208,1.413,0.012,0.015,6836.0,3247.0,1.0
-0.446,0.98,-2.191,1.466,0.012,0.014,6828.0,3578.0,1.0
-0.052,0.917,-1.741,1.745,0.01,0.017,7698.0,2796.0,1.0
0.247,0.939,-1.44,2.121,0.011,0.016,7295.0,2853.0,1.0
0.005,0.96,-1.806,1.798,0.011,0.018,7744.0,2728.0,1.0
-0.285,0.928,-2.075,1.365,0.011,0.015,6716.0,2690.0,1.0
0.303,0.939,-1.444,2.073,0.01,0.014,8283.0,3348.0,1.0
0.017,0.896,-1.618,1.714,0.01,0.016,7861.0,2859.0,1.0
0.029,0.924,-1.675,1.797,0.011,0.016,7673.0,2724.0,1.0
0.082,0.92,-1.687,1.798,0.011,0.016,7333.0,2675.0,1.0
-0.358,0.977,-2.12,1.569,0.011,0.016,8243.0,3165.0,1.0
-0.191,0.939,-1.922,1.685,0.011,0.017,7729.0,2543.0,1.0
-0.073,0.914,-1.784,1.668,0.01,0.015,8489.0,3033.0,1.0
0.041,0.929,-1.738,1.771,0.01,0.018,8327.0,2617.0,1.0
0.05,0.915,-1.66,1.723,0.01,0.016,7640.0,2722.0,1.0
0.306,0.948,-1.506,2.082,0.011,0.016,7791.0,3246.0,1.0
0.095,0.925,-1.692,1.775,0.01,0.018,9072.0,2506.0,1.0
-0.083,0.891,-1.713,1.616,0.009,0.015,8887.0,3138.0,1.0
0.051,0.906,-1.7,1.688,0.011,0.018,7188.0,2779.0,1.0
-0.098,0.928,-1.845,1.692,0.011,0.017,7298.0,2419.0,1.0
-0.023,0.924,-1.807,1.644,0.01,0.016,8035.0,3044.0,1.0
0.522,1.04,-1.54,2.36,0.015,0.016,4841.0,2910.0,1.0
-0.125,0.909,-1.754,1.686,0.01,0.016,7728.0,3277.0,1.0
0.298,0.919,-1.429,2.058,0.01,0.016,7849.0,2705.0,1.0
0.183,0.921,-1.572,1.889,0.011,0.014,7244.0,3386.0,1.0
0.332,0.981,-1.598,2.07,0.012,0.017,7328.0,2822.0,1.0
-0.256,0.955,-1.959,1.66,0.011,0.016,7270.0,2819.0,1.0
-0.247,0.922,-1.955,1.517,0.01,0.015,8136.0,3226.0,1.0
-0.312,0.951,-2.032,1.585,0.011,0.015,6878.0,3228.0,1.0
-0.004,0.903,-1.72,1.707,0.01,0.015,8326.0,3002.0,1.0
0.169,0.926,-1.605,1.858,0.01,0.015,7895.0,3105.0,1.0
0.292,0.958,-1.428,2.16,0.011,0.017,8198.0,3240.0,1.0
-0.419,0.951,-2.146,1.427,0.012,0.014,6264.0,3020.0,1.0
-0.449,0.96,-2.227,1.382,0.013,0.014,5198.0,2791.0,1.0
-0.04,0.911,-1.703,1.687,0.009,0.015,9418.0,3208.0,1.0
0.257,0.958,-1.603,2.006,0.011,0.017,7677.0,3055.0,1.0
0.017,0.893,-1.662,1.636,0.01,0.014,8721.0,3304.0,1.0
-0.28,0.934,-1.962,1.536,0.011,0.015,7444.0,3192.0,1.0
0.294,0.951,-1.6,2.025,0.011,0.016,7886.0,2737.0,1.0
0.052,0.912,-1.585,1.829,0.01,0.015,8507.0,3154.0,1.0
0.056,0.959,-1.773,1.779,0.01,0.018,10008.0,2991.0,1.0
0.081,0.917,-1.7,1.747,0.01,0.017,8653.0,2702.0,1.0
-0.359,0.979,-2.09,1.596,0.011,0.016,7458.0,3131.0,1.0
-0.181,0.903,-1.816,1.595,0.01,0.015,7682.0,2566.0,1.0
-0.081,0.932,-1.833,1.65,0.01,0.017,7862.0,2929.0,1.0
0.066,0.943,-1.687,1.841,0.009,0.017,10765.0,2774.0,1.0
0.063,0.933,-1.686,1.775,0.01,0.015,8315.0,3399.0,1.0
0.276,0.956,-1.514,2.083,0.011,0.015,7554.0,3165.0,1.0
0.1,0.916,-1.683,1.795,0.009,0.016,9794.0,2902.0,1.0
0.328,0.217,0.0,0.706,0.003,0.002,4259.0,2592.0,1.0
0.339,0.224,0.0,0.733,0.003,0.002,4389.0,2750.0,1.0
0.327,0.221,0.0,0.721,0.003,0.002,3938.0,2604.0,1.0
0.328,0.222,0.0,0.718,0.003,0.002,3777.0,2734.0,1.0
0.353,0.257,0.0,0.792,0.005,0.004,2662.0,3040.0,1.0
0.332,0.225,0.0,0.735,0.003,0.002,3937.0,2619.0,1.0
0.342,0.233,0.0,0.755,0.004,0.003,3477.0,2559.0,1.0
0.343,0.228,0.0,0.744,0.004,0.003,3517.0,3235.0,1.0
0.35,0.235,0.0,0.769,0.004,0.003,3460.0,2896.0,1.0
0.325,0.227,0.001,0.733,0.004,0.003,3449.0,2663.0,1.0
0.321,0.226,0.0,0.727,0.004,0.003,3490.0,2724.0,1.0
0.313,0.228,0.0,0.73,0.004,0.003,3472.0,2579.0,1.0
0.331,0.225,0.001,0.733,0.003,0.002,4532.0,3035.0,1.0
0.342,0.229,0.002,0.752,0.003,0.002,4379.0,2585.0,1.0
0.344,0.227,0.0,0.738,0.004,0.003,3217.0,2338.0,1.0
0.314,0.238,0.0,0.756,0.004,0.003,2893.0,2501.0,1.0
0.312,0.24,0.0,0.751,0.005,0.003,2420.0,2646.0,1.0
0.333,0.223,0.001,0.724,0.003,0.002,3962.0,2513.0,1.0
0.348,0.232,0.0,0.753,0.004,0.003,3737.0,3188.0,1.0
0.332,0.225,0.001,0.732,0.003,0.002,3905.0,2656.0,1.0
0.319,0.228,0.0,0.731,0.004,0.003,3335.0,2915.0,1.0
0.351,0.239,0.001,0.769,0.004,0.003,2738.0,2504.0,1.0
0.336,0.22,0.001,0.71,0.003,0.002,4549.0,2942.0,1.0
0.339,0.22,0.001,0.712,0.003,0.002,4665.0,2446.0,1.0
0.333,0.224,0.0,0.717,0.003,0.002,3656.0,1971.0,1.0
0.32,0.229,0.0,0.741,0.004,0.003,2978.0,2576.0,1.0
0.325,0.228,0.0,0.725,0.003,0.002,4401.0,2397.0,1.0
0.329,0.226,0.0,0.717,0.003,0.002,4122.0,2239.0,1.0
0.334,0.224,0.0,0.735,0.003,0.002,4806.0,2328.0,1.0
0.337,0.229,0.0,0.743,0.004,0.003,3617.0,2138.0,1.0
0.342,0.233,0.0,0.757,0.004,0.003,3720.0,2448.0,1.0
0.343,0.227,0.0,0.742,0.004,0.003,3620.0,3192.0,1.0
0.33,0.221,0.0,0.72,0.003,0.002,3886.0,2356.0,1.0
0.329,0.223,0.0,0.735,0.003,0.002,4214.0,2533.0,1.0
0.337,0.225,0.0,0.742,0.003,0.002,3787.0,2585.0,1.0
0.333,0.225,0.0,0.733,0.003,0.003,3847.0,2509.0,1.0
0.33,0.252,0.0,0.789,0.005,0.003,2511.0,2565.0,1.0
0.336,0.227,0.0,0.731,0.003,0.002,4355.0,2910.0,1.0
0.33,0.233,0.0,0.747,0.004,0.003,3887.0,2591.0,1.0
0.328,0.227,0.0,0.723,0.003,0.002,3475.0,2411.0,1.0
0.323,0.228,0.0,0.727,0.004,0.003,3398.0,3060.0,1.0
0.332,0.234,0.0,0.746,0.004,0.003,3555.0,2383.0,1.0
0.332,0.229,0.0,0.743,0.004,0.003,3648.0,2366.0,1.0
0.346,0.236,0.0,0.755,0.004,0.003,3430.0,2456.0,1.0
0.334,0.229,0.002,0.741,0.003,0.002,4383.0,2762.0,1.0
0.33,0.23,0.0,0.735,0.003,0.002,4502.0,2811.0,1.0
0.329,0.227,0.0,0.742,0.004,0.003,3463.0,2207.0,1.0
0.337,0.243,0.0,0.765,0.004,0.003,2964.0,2706.0,1.0
0.339,0.243,0.0,0.772,0.005,0.003,2608.0,2926.0,1.0
0.333,0.226,0.001,0.739,0.003,0.002,4498.0,2834.0,1.0
0.327,0.225,0.001,0.728,0.004,0.003,3451.0,2702.0,1.0
0.334,0.221,0.0,0.722,0.003,0.002,3863.0,2534.0,1.0
0.333,0.232,0.0,0.748,0.004,0.003,3311.0,2829.0,1.0
0.325,0.23,0.001,0.738,0.004,0.003,3593.0,2935.0,1.0
0.338,0.226,0.0,0.739,0.003,0.002,4569.0,3092.0,1.0
0.335,0.224,0.0,0.73,0.003,0.002,4671.0,2588.0,1.0
0.335,0.227,0.002,0.735,0.003,0.002,4544.0,2206.0,1.0
0.337,0.233,0.0,0.754,0.004,0.003,2674.0,2602.0,1.0
0.337,0.228,0.001,0.743,0.003,0.002,3834.0,2294.0,1.0
0.334,0.229,0.0,0.751,0.004,0.003,3427.0,2469.0,1.0
0.336,0.224,0.001,0.727,0.003,0.002,4562.0,2752.0,1.0
0.334,0.228,0.0,0.739,0.003,0.002,4463.0,2337.0,1.0
0.338,0.228,0.0,0.735,0.004,0.003,3443.0,2622.0,1.0
0.327,0.223,0.0,0.734,0.004,0.003,3454.0,2763.0,1.0
0.342,0.225,0.0,0.736,0.003,0.002,4270.0,3113.0,1.0
0.332,0.227,0.0,0.726,0.004,0.003,3695.0,2730.0,1.0
0.336,0.226,0.0,0.732,0.003,0.002,3817.0,2369.0,1.0
0.339,0.224,0.001,0.737,0.003,0.002,4889.0,2899.0,1.0
0.316,0.249,0.0,0.77,0.005,0.003,2485.0,3047.0,1.0
0.332,0.219,0.0,0.72,0.003,0.002,3723.0,2205.0,1.0
0.328,0.228,0.0,0.743,0.004,0.003,3184.0,2609.0,1.0
0.329,0.225,0.001,0.728,0.004,0.003,3567.0,2526.0,1.0
0.327,0.233,0.001,0.756,0.004,0.003,3576.0,2756.0,1.0
0.343,0.232,0.0,0.752,0.004,0.003,3990.0,2788.0,1.0
0.346,0.234,0.0,0.754,0.004,0.003,2995.0,2133.0,1.0
0.341,0.234,0.0,0.756,0.004,0.003,2635.0,2399.0,1.0
0.334,0.226,0.0,0.729,0.003,0.002,4186.0,2897.0,1.0
0.328,0.225,0.0,0.732,0.003,0.002,4194.0,2788.0,1.0
0.326,0.23,0.0,0.734,0.004,0.003,3410.0,2457.0,1.0
0.35,0.247,0.0,0.78,0.005,0.003,2874.0,3097.0,1.0
0.349,0.246,0.001,0.78,0.005,0.003,2434.0,2729.0,1.0
0.334,0.228,0.0,0.737,0.003,0.002,4543.0,2923.0,1.0
0.324,0.226,0.0,0.731,0.004,0.003,3598.0,2575.0,1.0
0.335,0.226,0.0,0.73,0.003,0.002,4112.0,2221.0,1.0
0.348,0.234,0.001,0.757,0.004,0.003,3756.0,2876.0,1.0
0.324,0.23,0.0,0.742,0.004,0.003,2766.0,2605.0,1.0
0.326,0.222,0.0,0.719,0.003,0.002,4150.0,2181.0,1.0
0.326,0.219,0.001,0.717,0.003,0.002,5078.0,3064.0,1.0
0.332,0.221,0.001,0.73,0.003,0.002,4621.0,2785.0,1.0
0.343,0.233,0.0,0.754,0.004,0.003,2904.0,2717.0,1.0
0.338,0.23,0.0,0.739,0.003,0.002,4187.0,2765.0,1.0
0.336,0.225,0.0,0.734,0.003,0.002,4355.0,2562.0,1.0
0.33,0.225,0.0,0.729,0.003,0.002,4388.0,2428.0,1.0
0.329,0.221,0.0,0.723,0.003,0.002,4292.0,2529.0,1.0
0.32,0.229,0.0,0.74,0.004,0.003,3264.0,2726.0,1.0
0.329,0.224,0.0,0.731,0.004,0.003,3441.0,3341.0,1.0
0.031,0.029,0.0,0.082,0.0,0.0,5312.0,2179.0,1.0
0.032,0.03,0.0,0.088,0.0,0.0,5650.0,2584.0,1.0
0.031,0.029,0.0,0.083,0.0,0.0,4931.0,2389.0,1.0
0.032,0.031,0.0,0.089,0.0,0.0,4961.0,2594.0,1.0
0.033,0.033,0.0,0.095,0.001,0.0,3544.0,2986.0,1.0
0.031,0.028,0.0,0.08,0.0,0.0,5105.0,2312.0,1.0
0.033,0.032,0.0,0.093,0.0,0.0,4129.0,2191.0,1.0
0.032,0.03,0.0,0.087,0.0,0.0,4747.0,2801.0,1.0
0.032,0.03,0.0,0.089,0.0,0.0,4583.0,2874.0,1.0
0.03,0.029,0.0,0.083,0.0,0.0,4549.0,2719.0,1.0
0.03,0.029,0.0,0.081,0.0,0.0,4122.0,2183.0,1.0
0.03,0.03,0.0,0.083,0.0,0.0,4722.0,2393.0,1.0
0.031,0.03,0.0,0.087,0.0,0.0,5661.0,2732.0,1.0
0.032,0.03,0.0,0.088,0.0,0.0,4999.0,2445.0,1.0
0.033,0.031,0.0,0.089,0.0,0.0,3824.0,1893.0,1.0
0.03,0.03,0.0,0.085,0.0,0.0,3331.0,2229.0,1.0
0.029,0.03,0.0,0.085,0.0,0.0,3161.0,2449.0,1.0
0.031,0.029,0.0,0.083,0.0,0.0,5001.0,2379.0,1.0
0.033,0.031,0.0,0.088,0.0,0.0,4877.0,2714.0,1.0
0.031,0.029,0.0,0.083,0.0,0.0,4420.0,2301.0,1.0
0.03,0.029,0.0,0.083,0.0,0.0,4281.0,2113.0,1.0
0.032,0.031,0.0,0.088,0.0,0.0,3569.0,2476.0,1.0
0.031,0.028,0.0,0.082,0.0,0.0,5327.0,2797.0,1.0
0.032,0.029,0.0,0.085,0.0,0.0,6044.0,2353.0,1.0
0.031,0.03,0.0,0.086,0.0,0.0,4380.0,1956.0,1.0
0.03,0.03,0.0,0.085,0.0,0.0,3854.0,2568.0,1.0
0.03,0.03,0.0,0.083,0.0,0.0,5431.0,2252.0,1.0
0.031,0.03,0.0,0.086,0.0,0.0,5616.0,2128.0,1.0
0.031,0.029,0.0,0.083,0.0,0.0,5597.0,2356.0,1.0
0.032,0.03,0.0,0.088,0.0,0.0,5720.0,1824.0,1.0
0.032,0.031,0.0,0.088,0.0,0.0,4799.0,2396.0,1.0
0.032,0.03,0.0,0.086,0.001,0.0,3359.0,2739.0,1.0
0.031,0.029,0.0,0.083,0.0,0.0,4770.0,2333.0,1.0
0.031,0.029,0.0,0.083,0.0,0.0,5316.0,2301.0,1.0
0.031,0.029,0.0,0.083,0.0,0.0,4677.0,2251.0,1.0
0.031,0.028,0.0,0.082,0.0,0.0,4824.0,2348.0,1.0
0.032,0.033,0.0,0.095,0.001,0.0,3138.0,2234.0,1.0
0.032,0.031,0.0,0.088,0.0,0.0,5291.0,2688.0,1.0
0.032,0.032,0.0,0.09,0.0,0.0,5082.0,2488.0,1.0
0.03,0.03,0.0,0.086,0.0,0.0,4488.0,2320.0,1.0
0.03,0.03,0.0,0.084,0.0,0.0,4383.0,3020.0,1.0
0.031,0.031,0.0,0.087,0.0,0.0,4012.0,2403.0,1.0
0.031,0.029,0.0,0.084,0.0,0.0,5034.0,2032.0,1.0
0.033,0.031,0.0,0.089,0.0,0.0,4212.0,2561.0,1.0
0.031,0.03,0.0,0.087,0.0,0.0,5402.0,2612.0,1.0
0.031,0.031,0.0,0.087,0.0,0.0,6114.0,2808.0,1.0
0.031,0.03,0.0,0.087,0.0,0.0,4404.0,2096.0,1.0
0.032,0.032,0.0,0.088,0.0,0.0,3875.0,1967.0,1.0
0.032,0.031,0.0,0.09,0.0,0.0,3670.0,2661.0,1.0
0.031,0.03,0.0,0.087,0.0,0.0,4640.0,2525.0,1.0
0.031,0.029,0.0,0.084,0.0,0.0,4845.0,2527.0,1.0
0.031,0.029,0.0,0.082,0.0,0.0,4682.0,2422.0,1.0
0.032,0.031,0.0,0.089,0.0,0.0,4408.0,2493.0,1.0
0.03,0.03,0.0,0.085,0.0,0.0,4689.0,2808.0,1.0
0.032,0.029,0.0,0.086,0.0,0.0,5263.0,2659.0,1.0
0.031,0.029,0.0,0.082,0.0,0.0,5474.0,2502.0,1.0
0.031,0.03,0.0,0.084,0.0,0.0,5917.0,2106.0,1.0
0.032,0.03,0.0,0.088,0.0,0.0,3700.0,2044.0,1.0
0.031,0.03,0.0,0.087,0.0,0.0,4292.0,1946.0,1.0
0.031,0.03,0.0,0.085,0.0,0.0,4389.0,2457.0,1.0
0.032,0.03,0.0,0.085,0.0,0.0,5639.0,2402.0,1.0
0.031,0.03,0.0,0.085,0.0,0.0,4793.0,2123.0,1.0
0.031,0.029,0.0,0.085,0.0,0.0,4289.0,2535.0,1.0
0.031,0.029,0.0,0.085,0.0,0.0,3546.0,2649.0,1.0
0.032,0.03,0.0,0.084,0.0,0.0,5487.0,2768.0,1.0
0.031,0.03,0.0,0.087,0.0,0.0,4423.0,2650.0,1.0
0.032,0.03,0.0,0.086,0.0,0.0,4834.0,2206.0,1.0
0.032,0.029,0.0,0.087,0.0,0.0,5378.0,2528.0,1.0
0.029,0.031,0.0,0.085,0.001,0.0,3066.0,2759.0,1.0
0.031,0.03,0.0,0.086,0.0,0.0,3810.0,2080.0,1.0
0.031,0.029,0.0,0.084,0.0,0.0,4132.0,2116.0,1.0
0.03,0.029,0.0,0.083,0.0,0.0,3946.0,2075.0,1.0
0.03,0.03,0.0,0.084,0.0,0.0,4125.0,1975.0,1.0
0.032,0.03,0.0,0.088,0.0,0.0,4955.0,2653.0,1.0
0.032,0.031,0.0,0.089,0.0,0.0,4035.0,2028.0,1.0
0.032,0.031,0.0,0.088,0.0,0.0,3260.0,2206.0,1.0
0.031,0.03,0.0,0.085,0.0,0.0,5475.0,2833.0,1.0
0.031,0.029,0.0,0.085,0.0,0.0,4843.0,2458.0,1.0
0.03,0.029,0.0,0.083,0.0,0.0,4877.0,2338.0,1.0
0.033,0.032,0.0,0.091,0.0,0.0,4111.0,2857.0,1.0
0.033,0.032,0.0,0.092,0.0,0.0,3332.0,2394.0,1.0
0.032,0.031,0.0,0.087,0.0,0.0,6393.0,2659.0,1.0
0.031,0.03,0.0,0.087,0.0,0.0,4294.0,2311.0,1.0
0.031,0.03,0.0,0.086,0.0,0.0,5257.0,2271.0,1.0
0.033,0.031,0.0,0.091,0.0,0.0,4821.0,2765.0,1.0
0.03,0.03,0.0,0.085,0.0,0.0,3739.0,2502.0,1.0
0.03,0.029,0.0,0.083,0.0,0.0,4868.0,2090.0,1.0
0.031,0.029,0.0,0.085,0.0,0.0,6433.0,2769.0,1.0
0.031,0.029,0.0,0.086,0.0,0.0,5442.0,2299.0,1.0
0.032,0.03,0.0,0.089,0.0,0.0,3778.0,2771.0,1.0
0.032,0.03,0.0,0.087,0.0,0.0,5258.0,2502.0,1.0
0.032,0.03,0.0,0.087,0.0,0.0,5092.0,2276.0,1.0
0.031,0.03,0.0,0.087,0.0,0.0,5404.0,2486.0,1.0
0.031,0.03,0.0,0.084,0.0,0.0,5234.0,2283.0,1.0
0.03,0.03,0.0,0.085,0.0,0.0,4181.0,2451.0,1.0
0.031,0.029,0.0,0.082,0.0,0.0,3122.0,2877.0,1.0
-0.03,0.08,-0.188,0.115,0.001,0.001,4568.0,3545.0,1.0
0.015,0.081,-0.138,0.164,0.001,0.001,4163.0,3377.0,1.0
-0.038,0.082,-0.182,0.124,0.001,0.001,4854.0,3735.0,1.0
-0.011,0.084,-0.163,0.156,0.001,0.001,4332.0,3449.0,1.0
0.209,0.09,0.036,0.373,0.001,0.001,3753.0,3414.0,1.0
-0.045,0.081,-0.202,0.105,0.001,0.001,4674.0,3653.0,1.0
0.105,0.082,-0.057,0.25,0.001,0.001,4403.0,3850.0,1.0
0.068,0.082,-0.09,0.219,0.001,0.001,5047.0,4039.0,1.0
0.119,0.085,-0.035,0.283,0.001,0.001,4224.0,3405.0,1.0
-0.085,0.085,-0.253,0.067,0.001,0.001,4517.0,3932.0,1.0
-0.086,0.086,-0.244,0.076,0.001,0.001,4430.0,3971.0,1.0
-0.119,0.09,-0.296,0.044,0.001,0.001,4244.0,3666.0,1.0
-0.006,0.079,-0.16,0.133,0.001,0.001,4749.0,3982.0,1.0
0.05,0.082,-0.101,0.209,0.001,0.001,3959.0,3455.0,1.0
0.098,0.083,-0.052,0.26,0.001,0.001,4303.0,3557.0,1.0
-0.15,0.089,-0.319,0.009,0.001,0.001,4089.0,3769.0,1.0
-0.164,0.091,-0.33,0.022,0.001,0.001,4207.0,3588.0,1.0
-0.015,0.08,-0.167,0.14,0.001,0.001,4848.0,3727.0,1.0
0.085,0.083,-0.067,0.247,0.001,0.001,4167.0,3661.0,1.0
0.003,0.08,-0.15,0.149,0.001,0.001,4215.0,3556.0,1.0
-0.105,0.086,-0.266,0.058,0.001,0.001,4232.0,3930.0,1.0
0.106,0.084,-0.046,0.266,0.001,0.001,4325.0,3766.0,1.0
0.01,0.082,-0.135,0.171,0.001,0.001,4659.0,3637.0,1.0
0.015,0.079,-0.13,0.167,0.001,0.001,4704.0,3830.0,1.0
0.027,0.083,-0.128,0.179,0.001,0.001,5056.0,3904.0,1.0
-0.128,0.089,-0.297,0.03,0.001,0.001,4210.0,3802.0,1.0
-0.064,0.08,-0.218,0.08,0.001,0.001,3949.0,3872.0,1.0
-0.027,0.081,-0.187,0.12,0.001,0.001,4420.0,3818.0,1.0
0.01,0.082,-0.149,0.158,0.001,0.001,4588.0,3689.0,1.0
0.016,0.082,-0.135,0.169,0.001,0.001,4572.0,3729.0,1.0
0.1,0.081,-0.043,0.261,0.001,0.001,4019.0,3839.0,1.0
0.036,0.082,-0.125,0.182,0.001,0.001,5163.0,3689.0,1.0
-0.018,0.561,-1.053,1.037,0.01,0.008,3268.0,2608.0,1.0
0.026,0.562,-1.032,1.058,0.01,0.008,3323.0,2856.0,1.0
-0.026,0.56,-1.068,0.981,0.01,0.008,3305.0,2857.0,1.0
0.001,0.562,-1.033,1.039,0.01,0.008,3313.0,2855.0,1.0
0.22,0.561,-0.778,1.289,0.01,0.008,3214.0,2839.0,1.0
-0.034,0.561,-1.068,1.013,0.01,0.008,3309.0,2763.0,1.0
0.117,0.561,-0.935,1.133,0.01,0.008,3304.0,2858.0,1.0
0.079,0.564,-1.033,1.065,0.01,0.008,3302.0,3038.0,1.0
0.13,0.563,-0.918,1.172,0.01,0.008,3264.0,2895.0,1.0
-0.074,0.562,-1.109,0.975,0.01,0.008,3308.0,2750.0,1.0
-0.075,0.559,-1.102,0.957,0.01,0.008,3349.0,2917.0,1.0
-0.107,0.564,-1.09,0.993,0.01,0.008,3334.0,2871.0,1.0
0.005,0.556,-0.997,1.04,0.01,0.008,3246.0,2765.0,1.0
0.061,0.56,-0.981,1.102,0.01,0.008,3321.0,3014.0,1.0
0.109,0.561,-0.964,1.11,0.01,0.008,3295.0,2858.0,1.0
-0.139,0.564,-1.204,0.878,0.01,0.008,3274.0,3039.0,1.0
-0.153,0.564,-1.198,0.862,0.01,0.008,3347.0,2898.0,1.0
-0.003,0.561,-1.093,0.975,0.01,0.008,3343.0,2876.0,1.0
0.097,0.561,-0.918,1.159,0.01,0.008,3310.0,3006.0,1.0
0.015,0.56,-1.054,1.037,0.01,0.008,3297.0,2992.0,1.0
-0.093,0.561,-1.174,0.898,0.01,0.008,3352.0,2807.0,1.0
0.118,0.562,-0.895,1.176,0.01,0.008,3302.0,2988.0,1.0
0.021,0.558,-1.023,1.027,0.01,0.008,3294.0,2782.0,1.0
0.026,0.561,-1.005,1.064,0.01,0.008,3309.0,2705.0,1.0
0.038,0.562,-0.987,1.082,0.01,0.008,3328.0,2855.0,1.0
-0.117,0.562,-1.099,0.992,0.01,0.008,3378.0,2943.0,1.0
-0.053,0.56,-1.131,0.944,0.01,0.008,3252.0,2847.0,1.0
-0.016,0.561,-1.062,0.995,0.01,0.008,3290.0,2895.0,1.0
0.021,0.561,-1.03,1.034,0.01,0.008,3298.0,2515.0,1.0
0.028,0.56,-0.977,1.077,0.01,0.008,3306.0,3026.0,1.0
0.111,0.564,-0.976,1.111,0.01,0.008,3304.0,2618.0,1.0
0.047,0.562,-0.965,1.1,0.01,0.008,3302.0,2670.0,1.0
-0.014,0.595,-1.154,1.057,0.011,0.008,3192.0,3011.0,1.0
0.012,0.593,-1.057,1.17,0.01,0.009,3318.0,2900.0,1.0
-0.017,0.592,-1.12,1.071,0.01,0.008,3245.0,3037.0,1.0
0.001,0.595,-1.093,1.127,0.011,0.008,3164.0,2834.0,1.0
0.12,0.606,-1.082,1.216,0.011,0.008,2842.0,3065.0,1.0
-0.02,0.594,-1.17,1.05,0.01,0.009,3217.0,2943.0,1.0
0.067,0.598,-1.045,1.192,0.011,0.008,3118.0,3088.0,1.0
0.042,0.598,-1.148,1.094,0.01,0.009,3271.0,2940.0,1.0
0.068,0.6,-1.101,1.131,0.011,0.008,3169.0,3124.0,1.0
-0.045,0.598,-1.224,1.016,0.01,0.009,3269.0,2854.0,1.0
-0.046,0.591,-1.169,1.046,0.01,0.008,3191.0,3089.0,1.0
-0.062,0.602,-1.182,1.066,0.011,0.008,3196.0,2856.0,1.0
0.0,0.587,-1.069,1.092,0.01,0.009,3269.0,2603.0,1.0
0.033,0.6,-1.082,1.148,0.011,0.009,3223.0,2669.0,1.0
0.061,0.599,-1.134,1.119,0.011,0.008,3198.0,2827.0,1.0
-0.076,0.601,-1.192,1.058,0.01,0.009,3343.0,3016.0,1.0
-0.085,0.607,-1.202,1.044,0.011,0.008,3207.0,3119.0,1.0
-0.004,0.59,-1.144,1.07,0.01,0.008,3236.0,3004.0,1.0
0.052,0.596,-1.086,1.162,0.01,0.008,3315.0,2861.0,1.0
0.008,0.595,-1.164,1.049,0.011,0.008,3164.0,3015.0,1.0
-0.051,0.597,-1.172,1.06,0.011,0.008,3193.0,3274.0,1.0
0.064,0.598,-1.066,1.18,0.011,0.008,3200.0,2868.0,1.0
0.007,0.59,-1.094,1.097,0.011,0.008,3143.0,2990.0,1.0
0.011,0.59,-1.089,1.079,0.01,0.008,3172.0,2774.0,1.0
0.018,0.594,-1.109,1.1,0.011,0.008,3155.0,3017.0,1.0
-0.069,0.601,-1.246,0.996,0.011,0.009,3138.0,3027.0,1.0
-0.031,0.596,-1.162,1.056,0.011,0.009,3093.0,2604.0,1.0
-0.012,0.592,-1.108,1.091,0.01,0.008,3277.0,2983.0,1.0
0.012,0.592,-1.083,1.096,0.01,0.008,3238.0,3053.0,1.0
0.015,0.588,-1.09,1.085,0.011,0.008,3106.0,2879.0,1.0
0.067,0.603,-1.098,1.185,0.011,0.008,3167.0,2859.0,1.0
0.025,0.592,-1.065,1.123,0.01,0.008,3213.0,2969.0,1.0
0.024,0.6,-1.118,1.135,0.011,0.009,3235.0,2924.0,1.0
0.053,0.598,-1.072,1.143,0.011,0.008,3221.0,3017.0,1.0
0.021,0.595,-1.136,1.082,0.011,0.009,3062.0,2724.0,1.0
0.038,0.599,-1.111,1.105,0.011,0.009,3186.0,2990.0,1.0
0.151,0.615,-0.958,1.324,0.011,0.009,3054.0,2946.0,1.0
0.018,0.597,-1.122,1.091,0.011,0.009,3140.0,2747.0,1.0
0.099,0.597,-1.016,1.188,0.011,0.008,3182.0,2833.0,1.0
0.082,0.601,-0.984,1.251,0.011,0.009,3230.0,3004.0,1.0
0.109,0.604,-1.05,1.184,0.011,0.009,3142.0,3087.0,1.0
-0.001,0.598,-1.064,1.126,0.011,0.009,3181.0,2714.0,1.0
-0.002,0.599,-1.143,1.104,0.011,0.008,3205.0,2846.0,1.0
-0.016,0.608,-1.22,1.039,0.011,0.008,3091.0,2811.0,1.0
0.039,0.592,-1.075,1.115,0.01,0.009,3185.0,2872.0,1.0
0.066,0.599,-1.043,1.185,0.011,0.009,3190.0,2891.0,1.0
0.096,0.605,-1.012,1.236,0.011,0.009,3235.0,2998.0,1.0
-0.033,0.603,-1.231,1.026,0.011,0.009,2908.0,2684.0,1.0
-0.041,0.605,-1.187,1.068,0.011,0.009,3082.0,3078.0,1.0
0.036,0.602,-1.056,1.175,0.011,0.009,3265.0,2770.0,1.0
0.091,0.602,-0.984,1.232,0.011,0.009,3150.0,2857.0,1.0
0.042,0.597,-1.049,1.146,0.01,0.009,3237.0,3053.0,1.0
-0.012,0.599,-1.124,1.129,0.011,0.009,3134.0,3109.0,1.0
0.1,0.6,-0.985,1.21,0.011,0.009,3186.0,3079.0,1.0
0.047,0.592,-0.986,1.223,0.01,0.008,3234.0,2984.0,1.0
0.051,0.6,-1.057,1.142,0.011,0.009,3247.0,2940.0,1.0
0.058,0.599,-1.094,1.127,0.011,0.009,3175.0,2913.0,1.0
-0.02,0.604,-1.121,1.123,0.011,0.009,3129.0,2882.0,1.0
0.008,0.605,-1.126,1.125,0.011,0.009,3310.0,3185.0,1.0
0.031,0.603,-1.041,1.199,0.011,0.009,3156.0,3144.0,1.0
0.049,0.596,-1.073,1.154,0.011,0.008,3205.0,3051.0,1.0
0.049,0.6,-1.045,1.174,0.01,0.009,3283.0,3040.0,1.0
0.093,0.601,-1.004,1.233,0.011,0.009,3160.0,3062.0,1.0
0.066,0.599,-1.02,1.187,0.011,0.009,3229.0,2782.0,1.0
-0.032,0.591,-1.184,1.014,0.011,0.009,2982.0,2729.0,1.0
-0.005,0.597,-1.116,1.102,0.011,0.009,2992.0,3004.0,1.0
-0.034,0.595,-1.142,1.046,0.011,0.009,3051.0,2921.0,1.0
-0.019,0.595,-1.112,1.094,0.011,0.009,3119.0,2932.0,1.0
0.094,0.61,-1.035,1.233,0.012,0.009,2675.0,2650.0,1.0
-0.043,0.594,-1.174,1.033,0.011,0.009,2958.0,2735.0,1.0
0.046,0.598,-1.106,1.128,0.011,0.009,2918.0,2985.0,1.0
0.023,0.597,-1.12,1.103,0.011,0.009,3001.0,2928.0,1.0
0.052,0.602,-1.095,1.148,0.011,0.009,2845.0,2790.0,1.0
-0.064,0.596,-1.183,1.02,0.011,0.009,2964.0,2883.0,1.0
-0.064,0.592,-1.163,1.041,0.011,0.008,3034.0,3095.0,1.0
-0.08,0.603,-1.222,1.004,0.011,0.009,3011.0,2996.0,1.0
-0.015,0.592,-1.212,0.998,0.011,0.009,3071.0,2809.0,1.0
0.017,0.593,-1.111,1.104,0.011,0.009,2976.0,2982.0,1.0
0.043,0.601,-1.137,1.099,0.011,0.009,2905.0,2748.0,1.0
-0.1,0.607,-1.226,1.038,0.011,0.009,2938.0,2889.0,1.0
-0.107,0.607,-1.203,1.035,0.011,0.009,2834.0,2902.0,1.0
-0.022,0.591,-1.135,1.045,0.011,0.008,2960.0,2946.0,1.0
0.037,0.6,-1.103,1.106,0.011,0.009,2883.0,2913.0,1.0
-0.012,0.589,-1.16,1.04,0.011,0.008,2912.0,2793.0,1.0
-0.072,0.599,-1.236,1.018,0.011,0.009,2987.0,3012.0,1.0
0.045,0.602,-1.067,1.161,0.011,0.009,2850.0,2945.0,1.0
-0.004,0.601,-1.093,1.131,0.011,0.009,3029.0,2957.0,1.0
-0.004,0.593,-1.116,1.07,0.011,0.008,3027.0,2955.0,1.0
0.003,0.595,-1.108,1.087,0.011,0.009,3048.0,2815.0,1.0
-0.088,0.602,-1.205,1.026,0.011,0.009,3022.0,2923.0,1.0
-0.052,0.594,-1.162,1.02,0.011,0.009,2913.0,2922.0,1.0
-0.031,0.598,-1.18,1.035,0.011,0.009,2947.0,3051.0,1.0
-0.003,0.598,-1.105,1.114,0.011,0.009,3018.0,3053.0,1.0
-0.003,0.598,-1.146,1.043,0.011,0.009,3031.0,2823.0,1.0
0.04,0.601,-1.082,1.156,0.011,0.009,2879.0,2762.0,1.0
0.005,0.598,-1.121,1.102,0.011,0.009,3080.0,2923.0,1.0
0.062,0.037,-0.009,0.13,0.0,0.0,5602.0,3118.0,1.0
3.072,0.026,3.026,3.122,0.0,0.0,5660.0,3292.0,1.0
-0.072,0.635,-1.284,1.123,0.012,0.01,2838.0,2868.0,1.0
0.007,0.64,-1.182,1.227,0.013,0.01,2445.0,2622.0,1.0
0.097,0.623,-1.07,1.263,0.012,0.009,2839.0,3073.0,1.0
0.045,0.577,-1.01,1.104,0.01,0.008,3063.0,2893.0,1.0
0.005,0.571,-1.104,1.026,0.01,0.008,3073.0,2753.0,1.0
-0.015,0.573,-1.09,1.043,0.011,0.009,2858.0,2902.0,1.0
0.274,0.142,0.037,0.52,0.004,0.003,1461.0,2576.0,1.0
0.284,0.142,0.038,0.54,0.004,0.003,1424.0,2623.0,1.0
0.279,0.14,0.031,0.527,0.003,0.002,1605.0,2113.0,1.0
0.167,0.09,0.013,0.327,0.002,0.002,1745.0,2731.0,1.0
0.173,0.092,0.028,0.345,0.002,0.001,1938.0,2936.0,1.0
0.172,0.092,0.024,0.338,0.002,0.001,1969.0,2943.0,1.0
